{
  "gearbox": {
    "na": 3,
    "nc": 2,
    "bic": -682453.1832396655
  },
  "transformer": {
    "na": 3,
    "nc": 2,
    "bic": -954054.9575650978
  },
  "hydraulic": {
    "na": 3,
    "nc": 1,
    "bic": -804440.9660996704
  },
  "generator": {
    "na": 3,
    "nc": 2,
    "bic": -892256.4732104011
  }
}